,종류,상품명,가격,칼로리,나트륨,탄수화물,당류,지방,트랜스지방,포화지방,콜레스테롤,단백질,
1,라면,팔도)팔도비빔면컵,"₩1,300",465Kcal,1190mg,68g,14.0g,18.0g,0.0g,9.0g,0mg,8.0g,
2,라면,오뚜기)참깨라면,"₩1,700",515Kcal,1590mg,69g,4.0g,22.0g,0.0g,9.0g,15mg,10.0g,
3,라면,오뚜기)진라면매운컵,"₩1,300",500Kcal,1490mg,74g,6.0g,18.0g,0.0g,10.0g,0mg,10.0g,
4,라면,오뚜기)진라면순한컵,"₩1,300",495Kcal,1490mg,72g,3.0g,18.0g,0.0g,10.0g,0mg,11.0g,
5,라면,HEYROO)청양고추라면컵,"₩1,800",430Kcal,1690mg,66g,6.0g,15.0g,0.0g,9.0g,0mg,8.0g,
6,라면,농심)짜파게티큰사발컵,"₩1,400",550Kcal,1220mg,84g,9.0g,19.0g,0.0g,9.0g,0mg,10.0g,
7,라면,오뚜기)콕콕콕치즈게티컵,"₩2,300",520Kcal,970mg,82g,11.0g,17.0g,0.0g,9.0g,5mg,10.0g,
8,라면,오뚜기)스낵면컵,"₩1,700",400Kcal,1680mg,58g,2.0g,15.0g,0.0g,7.0g,0mg,8.0g,
9,라면,농심)신라면건면컵,"₩1,600",285Kcal,1630mg,54g,5.0g,4.4g,0.0g,1.4g,5mg,7.0g,
10,라면,삼양)삼양라면오리지널컵,"₩1,400",485Kcal,1750mg,74g,4.0g,17.0g,0.0g,9.0g,0mg,9.0g,
11,라면,HEYROO)치즈맛라면컵,"₩1,500",380Kcal,1390mg,61g,4.0g,12.0g,0.3g,10.0g,8mg,7.0g,
12,라면,농심)신라면블랙김치컵,"₩1,800",400Kcal,1600mg,64g,6.0g,13.0g,0.0g,8.0g,5mg,7.0g,
13,라면,하림)미식장인라면얼큰컵,"₩2,800",350Kcal,1480mg,69g,3.0g,3.7g,0.0g,1.1g,5mg,10.0g,
14,라면,하림)미식장인라면담백컵,"₩2,800",355Kcal,1500mg,70g,4.0g,4.1g,0.0g,1.1g,5mg,9.0g,
15,라면,농심)튀김우동큰사발컵,"₩1,400",515Kcal,1590mg,73g,8.0g,21.0g,0.0g,10.0g,5mg,9.0g,
16,라면,농심)육개장사발면,"₩1,000",375Kcal,1590mg,53g,4.0g,15.0g,0.0g,7.0g,0mg,7.0g,
17,라면,농심)김치사발면,"₩1,000",380Kcal,1520mg,56g,5.0g,14.0g,0.0g,7.0g,0mg,7.0g,
18,라면,농심)새우탕소컵,"₩1,150",290Kcal,1210mg,43g,3.0g,11.0g,0.0g,6.0g,5mg,5.0g,
19,라면,농심)너구리큰사발컵,"₩1,800",515Kcal,1590mg,72g,5.0g,21.0g,0.0g,11.0g,5mg,9.0g,
20,라면,농심)무파마큰사발컵,"₩1,800",495Kcal,1570mg,76g,4.0g,17.0g,0.0g,8.0g,0mg,9.0g,
21,김밥,주)백종원뉴열탄불고기,"₩1,300",183Kcal,450mg,33g,2.0g,3.0g,0.0g,1.2g,10mg,6.0g,
22,김밥,주)뉴김치제육,"₩1,400",165Kcal,420mg,32g,2.0g,2.2g,0.0g,0.4g,10mg,5.0g,
23,김밥,주)수능대박고추장멸치,"₩1,300",201Kcal,450mg,35g,5.0g,5.0g,0.0g,0.9g,10mg,4.0g,
24,김밥,주)코난햄감자카레삼각,"₩1,200",187Kcal,290mg,35g,1.0g,3.9g,0.0g,1.1g,5mg,3.0g,
25,김밥,김)백종원마라삼겹제주,"₩3,300",483Kcal,1060mg,61g,8.0g,19.0g,0.2g,3.0g,35mg,17.0g,
26,김밥,주)3XL김치볶음참치마요,"₩1,600",296Kcal,900mg,46g,5.0g,8.0g,0.0g,1.3g,15mg,10.0g,
27,김밥,주)백종원부대볶음삼각,"₩1,200",185Kcal,260mg,31g,1.0g,4.3g,0.0g,1.2g,5mg,4.0g,
28,김밥,주)채식크럼블고추장,"₩1,200",177Kcal,240mg,34g,3.0g,3.2g,0.0g,0.7g,0mg,3.0g,
29,김밥,김)확실한뉴신제육제주,"₩2,900",426Kcal,1350mg,65g,10.0g,10.0g,0.0g,3.6g,40mg,19.0g,
30,김밥,김)보성녹돈뉴돈까스김밥,"₩2,500",427Kcal,870mg,64g,10.0g,15.0g,0.0g,3.2g,15mg,9.0g,
31,김밥,주)주먹왕뉴참치마요,"₩2,200",437Kcal,880mg,69g,0.0g,13.0g,0.1g,2.3g,15mg,11.0g,
32,김밥,주)게딱지장삼각,"₩1,400",186Kcal,460mg,29g,1.0g,6.0g,0.0g,1.4g,10mg,4.0g,
33,김밥,주)뉴치킨마요,"₩1,300",208Kcal,470mg,29g,2.0g,8.0g,0.0g,1.4g,5mg,5.0g,
34,김밥,주)3XL뉴치킨데리마요,"₩1,600",343Kcal,610mg,53g,3.0g,11.0g,0.0g,21.0g,45mg,8.0g,콜레스테롤 45g 표기되어있으나 오기입 판단
35,김밥,주)2XL뉴스팸마요,"₩1,500",302Kcal,580mg,47g,1.0g,10.0g,0.1g,2.1g,15mg,6.0g,콜레스테롤 15g 표기되어있으나 오기입 판단
36,김밥,주)구운주먹밥불고기,"₩1,600",175Kcal,420mg,31g,2.0g,3.0g,0.0g,1.2g,10mg,6.0g,
37,김밥,주)구운주먹밥치즈,"₩1,600",200Kcal,400mg,39g,2.0g,3.1g,0.0g,1.1g,20mg,4.0g,
38,김밥,김)치즈너비아니김밥,"₩3,000",425Kcal,920mg,57g,1.0g,17.0g,0.2g,6.0g,20mg,11.0g,
39,김밥,주)카레치킨밥바,"₩2,500",431Kcal,1000mg,63g,4.0g,15.0g,0.0g,2.7g,20mg,12.0g,
40,김밥,주)해쉬브라운참치제주,"₩2,300",398Kcal,800mg,61g,2.0g,14.0g,0.0g,2.6g,5mg,7.0g,
41,빵,삼립)포켓몬제육볶음호빵,"₩2,200",272Kcal,570mg,45g,9.0g,6.0g,0.0g,18.0g,5mg,9.5g,
42,빵,삼립)포켓몬갈릭치킨호빵,"₩2,200",257Kcal,470mg,44g,10.0g,4.6g,0.0g,1.6g,10mg,10.0g,
43,빵,405)스위트시나몬롤,"₩2,300",398Kcal,300mg,52g,9.0g,18.0g,0.5g,8.0g,45mg,7.0g,
44,빵,405)애플크럼블시나몬롤,"₩2,300",398Kcal,300mg,52g,9.0g,18.0g,0.5g,8.0g,45mg,7.0g,
45,빵,405)소프트롤링스윗허니,"₩1,800",300Kcal,220mg,41g,13.0g,12.0g,0.0g,6.0g,35mg,7.0g,
46,빵,삼립)보름달인절미,"₩1,600",331Kcal,150mg,42g,29.0g,16.0g,0.0g,5.2g,165mg,4.7g,
47,빵,삼립)미니고추잡채호빵,"₩2,000",205Kcal,330mg,32g,3.4g,5.0g,0.0g,2.0g,5mg,8.0g,
48,빵,참조은)케로로고구마호빵,"₩2,200",284Kcal,281mg,53g,17.0g,3.8g,0.0g,1.6g,13mg,10.0g,
49,빵,삼립)치즈촤르륵호빵,"₩2,200",309Kcal,400mg,35g,8.0g,14.0g,0.2g,8.0g,20mg,10.7g,
50,빵,삼립)미니니듀얼데니쉬,"₩2,000",366Kcal,290mg,47g,18.0g,18.0g,0.2g,8.0g,5mg,4.0g,
51,빵,삼립)미니니부들부들샌드,"₩2,000",339Kcal,172mg,51g,34.0g,13.0g,0.2g,6.0g,156mg,4.6g,
52,빵,삼립)포켓몬우유호빵,"₩2,000",266Kcal,270mg,48g,10.0g,6.0g,0.0g,4.6g,5mg,5.0g,
53,빵,삼립)포켓몬크리미호빵,"₩2,000",243Kcal,230mg,45g,12.0g,4.3g,0.0g,2.8g,5mg,6.0g,
54,빵,푸드)꽃카황치즈쿠키,"₩1,800",395Kcal,372mg,52g,22.0g,19.0g,0.0g,9.6g,8mg,4.0g,
55,빵,롯데)카카오연유소보로,"₩2,000",426Kcal,390mg,52g,25.0g,22.0g,0.5g,12.0g,35mg,5.0g,
56,빵,삼립)옥수수꿀호떡요요,"₩2,500",541Kcal,470mg,107g,61.0g,9.0g,0.0g,3.0g,0mg,8.0g,
57,빵,연세)우유생크림빵,"₩2,700",413Kcal,210mg,49g,15.0g,21.0g,0.1g,20.0g,35mg,7.0g,
58,빵,연세)황치즈생크림빵,"₩3,300",470Kcal,800mg,55g,15.0g,22.0g,0.0g,16.0g,70mg,13.0g,
59,빵,연세)초코생크림빵,"₩2,800",423Kcal,270mg,55g,23.0g,19.0g,0.1g,15.0g,20mg,8.0g,
60,빵,연세)옥수수생크림빵,"₩3,000",468Kcal,330mg,64g,21.0g,20.0g,0.0g,14.0g,25mg,8.0g,
61,커피,스벅)바닐라라떼320ml,"₩3,000",257Kcal,180mg,29g,28.0g,13.0g,0.6g,7.7g,60mg,6.0g,
62,커피,스벅)바닐라라떼컵200ml,"₩2,100",162Kcal,114mg,18g,18.0g,8.0g,0.5g,4.8g,40mg,4.5g,
63,커피,서울)강릉커피라떼컵250ml,"₩2,700",140Kcal,130mg,15g,13.0g,6.0g,0.5g,3.6g,16mg,6.0g,
64,커피,칸타타)라떼캔200ml,"₩1,500",90Kcal,130mg,17g,16.0g,1.4g,0.0g,0.8g,5mg,2.0g,
65,커피,조지아)카페라떼캔240ml,"₩1,300",119Kcal,112mg,24g,21.0g,1.7g,0.0g,1.0g,7mg,2.0g,
66,커피,칸타타)아메캔200ml,"₩1,500",30Kcal,40mg,8g,8.0g,0.0g,0.0g,0.0g,0mg,0.0g,
67,커피,레쓰비)캔200ml,"₩1,200",60Kcal,95mg,14g,14.0g,0.0g,0.0g,0.0g,0mg,1.0g,
68,커피,하프)아메리카노P410,"₩2,700",12Kcal,20mg,1g,0.0g,0.4g,0.0g,0.0g,0mg,1.0g,
69,커피,매일)바리스타라떼P475ml,"₩2,500",180Kcal,220mg,34g,33.0g,3.7g,0.0g,2.5g,11mg,3.0g,
70,커피,티오피)돌체라떼캔275,"₩2,400",132Kcal,40mg,23g,22.0g,3.5g,0.0g,1.8g,15mg,2.2g,
71,커피,동서)맥심화이트골드원컵,"₩1,200",75Kcal,7mg,14g,8.6g,2.1g,0.0g,2.1g,0mg,0.6g,
72,커피,마스터)헤이즐넛블랙500ml,"₩2,600",119Kcal,5mg,29g,28.0g,0.0g,0.0g,0.0g,0mg,1.0g,
73,커피,스벅)프라푸치노커피병281,"₩3,000",170Kcal,110mg,29g,28.0g,3.9g,0.0g,2.6g,15mg,5.0g,
74,커피,레쓰비)라떼캔240ml,"₩1,400",95Kcal,100mg,20g,20.0g,0.9g,0.0g,0.5g,5mg,2.0g,
75,커피,스벅)셀렉트카페라떼300ml,"₩2,800",176Kcal,79mg,27g,26.0g,5.3g,0.0g,3.5g,20mg,5.0g,
76,커피,칸타타)콜드브루캔275ml,"₩2,500",11Kcal,55mg,2g,1.5g,0.0g,0.0g,0.0g,0mg,1.0g,
77,커피,스벅)더블샷바닐라캔200ml,"₩1,600",128Kcal,55mg,19g,17.0g,4.4g,0.0g,2.8g,12mg,3.0g,
78,커피,칸타타)흑임자라떼캔275ml,"₩2,500",145Kcal,170mg,24g,23.0g,3.8g,0.0g,1.4g,5mg,3.8g,
79,커피,티오피)마스터라떼캔380ml,"₩3,000",164Kcal,55mg,27g,27.0g,4.9g,0.0g,2.9g,14mg,2.9g,
80,커피,빽다방)황금라떼P450ml,"₩2,600",280Kcal,200mg,56g,56.0g,4.0g,0.0g,2.6g,13mg,5.0g,
81,탄산음료,코카)환타밀크소다캔345ml,"₩1,500",181Kcal,24mg,44g,42.0g,0.0g,0.0g,0.0g,0mg,1.2g,
82,탄산음료,일화)맥콜제로캔250ml,"₩1,500",5Kcal,35mg,1g,0.0g,0.0g,0.0g,0.0g,0mg,0.0g,
83,탄산음료,코카)환타파인제로캔355ml,"₩1,500",0Kcal,27mg,0g,0.0g,0.0g,0.0g,0.0g,0mg,0.0g,
84,탄산음료,인테)슈가로로애플P350,"₩1,800",0Kcal,20mg,1g,0.0g,0.0g,0.0g,0.0g,0mg,0.0g,
85,탄산음료,인테)슈가로로샤인P350,"₩1,800",0Kcal,30mg,1g,0.0g,0.0g,0.0g,0.0g,0mg,0.0g,
86,탄산음료,코카)닥터페퍼제로캔355ml,"₩1,700",0Kcal,30mg,0g,0.0g,0.0g,0.0g,0.0g,0mg,0.0g,
87,탄산음료,동아)나랑드그린애플캔245,"₩1,400",0Kcal,50mg,1g,0.0g,0.0g,0.0g,0.0g,0mg,0.0g,
88,탄산음료,동아)나랑드파인애플캔245,"₩1,400",0Kcal,60mg,1g,0.0g,0.0g,0.0g,0.0g,0mg,0.0g,
89,탄산음료,동아)나랑드콤부차캔245ml,"₩1,600",0Kcal,40mg,2g,0.0g,0.0g,0.0g,0.0g,0mg,0.0g,
90,탄산음료,코카)환타오렌지캔250ml,"₩1,400",48Kcal,8mg,12g,12.0g,0.0g,0.0g,0.0g,0mg,0.0g,
91,탄산음료,농심)웰치스제로포도P500,"₩2,000",0Kcal,0mg,11g,0.0g,0.0g,0.0g,0.0g,0mg,0.0g,
92,탄산음료,롯데)탐스제로파인애플355,"₩1,500",5Kcal,40mg,8g,0.0g,0.0g,0.0g,0.0g,0mg,0.0g,
93,탄산음료,롯데)칠성사이다캔355ml,"₩1,900",155Kcal,9mg,39g,38.0g,0.0g,0.0g,0.0g,0mg,0.0g,
94,탄산음료,동아)데미소다애플캔250ml,"₩1,600",100Kcal,0mg,25g,25.0g,0.0g,0.0g,0.0g,0mg,0.0g,
95,탄산음료,롯데)밀키스캔250ml,"₩1,500",130Kcal,16mg,31g,31.0g,0.0g,0.0g,0.0g,0mg,1.0g,
96,탄산음료,농심)웰치포도캔355ml,"₩1,400",192Kcal,0mg,48g,46.0g,0.0g,0.0g,0.0g,0mg,0.0g,
97,탄산음료,롯데)펩시콜라캔355ml,"₩1,900",160Kcal,10mg,40g,40.0g,0.0g,0.0g,0.0g,0mg,0.0g,
98,탄산음료,코카)코카콜라제로캔355ml,"₩2,000",0Kcal,22mg,0g,0.0g,0.0g,0.0g,0.0g,0mg,0.0g,
99,탄산음료,코카)스프라이트제로캔355ml,"₩1,700",0Kcal,11mg,1g,0.0g,0.0g,0.0g,0.0g,0mg,0.0g,
100,탄산음료,롯데)마운틴듀캔250ml,"₩1,400",120Kcal,6mg,30g,30.0g,0.0g,0.0g,0.0g,0mg,0.0g,
101,유제품,빙그레)바나나우유240ml,"₩1,800",208Kcal,110mg,27g,27.0g,8.0g,0.0g,5.0g,30mg,7.0g,
102,유제품,서울)딸기우유300ml,"₩2,000",200Kcal,135mg,32g,30.0g,4.5g,0.0g,3.0g,15mg,8.0g,
103,유제품,서울)초코우유300ml,"₩2,000",205Kcal,135mg,33g,32.0g,4.5g,0.0g,3.0g,15mg,8.0g,
104,유제품,서울)흰우유200ml,"₩1,200",135Kcal,100mg,10g,10.0g,8.0g,0.5g,5.0g,25mg,6.0g,
105,유제품,매일)소화잘되는우유190ml,"₩1,200",107Kcal,70mg,6g,6.0g,6.5g,0.5g,4.0g,25mg,6.0g,
106,유제품,빙그레)딸기맛우유240ml,"₩1,800",195Kcal,110mg,27g,27.0g,7.0g,0.0g,4.5g,30mg,6.0g,
107,유제품,매일)우유속에딸기,"₩1,900",225Kcal,145mg,34g,26.0g,7.3g,0.5g,4.5g,30mg,6.0g,
108,유제품,서울)초코우유200ml,"₩1,200",135Kcal,90mg,22g,21.0g,3.0g,0.0g,2.0g,10mg,5.0g,
109,유제품,빙그레)바나나우유라이트,"₩1,800",142Kcal,110mg,21g,21.0g,3.6g,0.0g,2.5g,20mg,6.5g,
110,유제품,매일)멸균흰우유200ml,"₩1,200",120Kcal,100mg,9g,9.0g,6.8g,0.5g,4.0g,25mg,6.0g,
111,유제품,매일)허쉬초코드링크,"₩1,400",160Kcal,110mg,29g,27.0g,2.4g,0.0g,2.0g,5mg,5.0g,
112,유제품,연세)마카초코우유240ml,"₩1,800",191Kcal,150mg,32g,30.0g,4.6g,0.0g,2.7g,15mg,5.5g,
113,유제품,연세)초당옥수수우유240ml,"₩1,800",172Kcal,160mg,27g,25.0g,4.8g,0.0g,2.7g,20mg,5.3g,
114,유제품,동원)덴마크초코초코우유,"₩2,000",355Kcal,210mg,54g,50.0g,10.0g,0.5g,7.0g,30mg,7.0g,
115,유제품,동원)덴마크바나나우유,"₩2,000",270Kcal,145mg,40g,40.0g,10.0g,0.5g,6.5g,40mg,5.0g,
116,유제품,빙그레)메로나맛우유240ml,"₩1,800",195Kcal,110mg,27g,27.0g,7.0g,0.0g,4.5g,30mg,6.0g,
117,유제품,동원)덴마크딸기딸기우유,"₩2,000",230Kcal,170mg,39g,39.0g,5.0g,0.0g,3.2g,25mg,7.0g,
118,유제품,뉴초)아쌈솔트밀크티400ml,"₩2,500",205Kcal,310mg,38g,32.0g,5.0g,0.0g,5.0g,3mg,2.0g,
119,유제품,빙그레)고구마맛우유240ml,"₩1,800",240Kcal,75mg,27g,27.0g,7.0g,0.0g,4.5g,25mg,6.0g,
120,유제품,매일)바나나는하얗다190ml,"₩1,500",120Kcal,80mg,19g,19.0g,3.1g,0.0g,1.9g,10mg,4.0g,
121,이온음료,동아)포카리스웨트P620ml,"₩2,500",25Kcal,50mg,6g,6.0g,0.0g,0.0g,0.0g,0mg,0.0g,
122,이온음료,코카)파워에이드P600ml,"₩2,200",24Kcal,106mg,6g,5.0g,0.0g,0.0g,0.0g,0mg,0.0g,
123,이온음료,코카)토레타P500ml,"₩2,000",83Kcal,291mg,20g,20.0g,0.0g,0.0g,0.0g,0mg,0.8g,
124,이온음료,농심)파워오투오렌지P500,"₩2,300",85Kcal,6mg,21g,21.0g,0.0g,0.0g,0.0g,0mg,0.0g,
125,이온음료,롯데)게토레이레몬600ml,"₩2,100",50Kcal,100mg,13g,13.0g,0.0g,0.0g,0.0g,0mg,0.0g,
126,이온음료,롯데)2프로복숭아P500ml,"₩1,800",130Kcal,35mg,33g,33.0g,0.0g,0.0g,0.0g,0mg,0.0g,
127,이온음료,동아)포카리스웨트캔240ml,"₩1,600",60Kcal,120mg,14g,14.0g,0.0g,0.0g,0.0g,0mg,0.0g,
128,이온음료,코카)파워에이드퍼플P600,"₩2,200",64Kcal,317mg,16g,16.0g,0.0g,0.0g,0.0g,0mg,0.0g,
129,이온음료,롯데)2프로아쿠아P500ml,"₩1,800",10Kcal,250mg,8g,1.0g,0.0g,0.0g,0.0g,0mg,0.0g,
130,이온음료,롯데)게토레이블루P600ml,"₩2,100",50Kcal,270mg,12g,12.0g,0.0g,0.0g,0.0g,0mg,0.0g,
131,이온음료,코카)토레타캔240ml,"₩1,200",40Kcal,140mg,10g,10.0g,0.0g,0.0g,0.0g,0mg,0.0g,
132,이온음료,코카)파워에이드볼츠P600,"₩2,200",64Kcal,321mg,16g,16.0g,0.0g,0.0g,0.0g,0mg,0.0g,
133,이온음료,코카)토레타더락토P500ml,"₩2,000",80Kcal,299mg,20g,20.0g,0.0g,0.0g,0.0g,0mg,0.0g,
134,이온음료,롯데)게토레이오렌지P600,"₩2,100",145Kcal,270mg,36g,36.0g,0.1g,0.0g,0.0g,0mg,0.0g,
135,이온음료,빙그레)슈퍼부스트P500ml,"₩2,500",0Kcal,250mg,6g,0.0g,0.0g,0.0g,0.0g,0mg,1.0g,
136,이온음료,롯데)게토레이레몬캔240ml,"₩1,100",65Kcal,120mg,16g,16.0g,0.0g,0.0g,0.0g,0mg,0.0g,
137,이온음료,농심)데이플러스프로틴500,"₩2,200",20Kcal,250mg,0g,0.0g,0.0g,0.0g,0.0g,0mg,5.0g,
138,이온음료,동원)투명이온P500ml,"₩2,200",0Kcal,280mg,1g,0.0g,0.0g,0.0g,0.0g,0mg,0.0g,
139,이온음료,링티)제로레몬라임500ml,"₩2,900",0Kcal,130mg,13g,0.0g,0.0g,0.0g,0.0g,0mg,0.0g,
140,이온음료,링티)제로복숭아P500ml,"₩2,900",0Kcal,160mg,13g,0.0g,0.0g,0.0g,0.0g,0mg,0.0g,
141,아이스크림,빙그레)부드러운빵또아,"₩2,200",200Kcal,150mg,33g,21.0g,6.0g,0.0g,5.0g,30mg,3.0g,
142,아이스크림,빙그레)슈크림붕어싸만코,"₩2,200",200Kcal,70mg,31g,20.0g,7.0g,0.5g,6.0g,30mg,3.0g,
143,아이스크림,롯데)월드콘,"₩2,200",270Kcal,95mg,35g,25.0g,12.0g,0.5g,7.0g,20mg,5.0g,
144,아이스크림,빙그레)떡붕어싸만코,"₩2,200",215Kcal,80mg,36g,24.0g,7.0g,0.0g,6.0g,0mg,2.0g,
145,아이스크림,해태)부라보콘피스타치오,"₩2,200",210Kcal,50mg,31g,18.0g,8.0g,0.0g,4.9g,5mg,3.0g,
146,아이스크림,롯데)더블비얀코,"₩2,200",190Kcal,65mg,35g,31.0g,4.6g,0.5g,3.0g,15mg,2.0g,
147,아이스크림,빙그레)슈퍼콘초코바나나,"₩2,200",255Kcal,80mg,29g,22.0g,14.0g,0.5g,10.0g,10mg,3.0g,
148,아이스크림,해태)폴라포포도,"₩1,800",75Kcal,70mg,17g,13.0g,0.7g,0.0g,0.5g,0mg,0.0g,
149,아이스크림,빙그레)엔초바,"₩2,200",310Kcal,60mg,21g,16.0g,24.0g,0.5g,15.0g,10mg,2.5g,
150,아이스크림,빙그레)더위사냥액티브,"₩1,800",125Kcal,65mg,25g,16.0g,2.5g,0.0g,2.3g,0mg,0.5g,
151,아이스크림,롯데)와일드바디,"₩1,500",160Kcal,45mg,18g,16.0g,9.0g,0.5g,6.0g,15mg,2.0g,
152,아이스크림,해태)부라보콘바닐라,"₩2,200",240Kcal,70mg,33g,20.0g,10.0g,0.0g,5.0g,15mg,5.0g,
153,아이스크림,롯데)본가찰옥수수,"₩2,200",165Kcal,95mg,23g,18.0g,7.0g,0.5g,4.8g,15mg,2.0g,
154,아이스크림,해태)탱크보이,"₩1,800",95Kcal,35mg,20g,13.0g,1.5g,0.0g,1.5g,0mg,0.0g,
155,아이스크림,빙그레)뽕따소다맛,"₩1,800",115Kcal,50mg,22g,16.0g,3.2g,0.0g,3.0g,0mg,0.0g,
156,아이스크림,빙그레)메로나,"₩1,500",120Kcal,50mg,18g,13.0g,5.0g,0.5g,3.2g,15mg,1.0g,
157,아이스크림,롯데)설레임밀크쉐이크,"₩2,200",180Kcal,95mg,28g,27.0g,6.0g,0.5g,4.6g,35mg,3.0g,
158,아이스크림,롯데)와샤베트,"₩2,200",220Kcal,85mg,30g,29.0g,10.0g,0.0g,7.0g,1mg,3.0g,
159,아이스크림,롯데)거꾸로수박바,"₩1,500",90Kcal,25mg,19g,17.0g,1.4g,0.0g,0.8g,0mg,0.0g,
160,아이스크림,허쉬)쿠키앤크림아이스바,"₩2,500",2800Kcal,72mg,27g,22.0g,18.0g,0.5g,12.0g,17mg,3.0g,
161,디저트,삼립)미니꿀약과,"₩1,000",331Kcal,50mg,45g,18.0g,15.0g,0.0g,1.4g,0mg,4.0g,
162,디저트,405)애플크럼블시나몬롤,"₩2,300",398Kcal,300mg,52g,9.0g,18.0g,0.5g,8.0g,45mg,7.0g,
163,디저트,네슬레)킷캣4핑거초콜릿,"₩1,500",185Kcal,22mg,22g,17.0g,9.5g,0.1g,6.0g,4mg,2.5g,
164,디저트,매일)킨더초콜릿4입,"₩1,700",284Kcal,62mg,27g,26.7g,17.5g,0.2g,11.3g,18mg,4.4g,
165,디저트,마즈)트윅스미니초콜릿,₩400,55Kcal,16mg,7g,5.0g,2.4g,0.0g,1.4g,0mg,0.5g,
166,디저트,롯데)가나마일드초콜릿34g,"₩1,200",190Kcal,25mg,19g,17.0g,11.0g,0.0g,7.0g,5mg,3.0g,
167,디저트,롯데)제로마일드초콜릿,"₩2,500",255Kcal,15mg,25g,0.0g,19.0g,0.0g,13.0g,5mg,3.5g,
168,디저트,롯데)ABC밀크초콜릿72g,"₩2,500",405Kcal,50mg,40g,40.0g,25.0g,0.5g,16.0g,10mg,5.0g,
169,디저트,라라스윗)초콜릿초코바,"₩1,000",165Kcal,60mg,19g,2.0g,14.0g,0.0g,7.0g,15mg,4.0g,
170,디저트,앰지)밀카버블리,"₩3,200",157Kcal,45mg,17g,13.0g,9.0g,0.0g,5.0g,3mg,2.0g,
171,디저트,라라스윗)초콜릿모나카,"₩3,300",125Kcal,5mg,7g,5.0g,6.0g,0.0g,3.5g,15mg,5.0g,
172,디저트,오리온)톡핑헤이즐넛43g,"₩1,500",234Kcal,45mg,24g,20.0g,14.0g,0.0g,6.0g,5mg,3.0g,
173,디저트,매일)페레로로쉐3구,"₩2,700",229Kcal,23mg,18g,15.0g,16.0g,0.0g,5.3g,5mg,3.1g,
174,디저트,동아)박카스젤리,"₩1,200",170Kcal,15mg,40g,26.0g,0.0g,0.0g,0.0g,0mg,3.0g,
175,디저트,오리온)왕꿈틀이젤리67g,"₩1,000",212Kcal,20mg,49g,36.0g,0.0g,0.0g,0.0g,0mg,4.0g,
176,디저트,롯데)구미구미젤리,"₩1,200",225Kcal,20mg,52g,39.0g,0.0g,0.0g,0.0g,0mg,4.0g,
177,디저트,롯데)메론죠스바젤리60g,"₩1,200",185Kcal,15mg,43g,32.0g,0.0g,0.0g,0.0g,0mg,3.5g,
178,디저트,오리온)비틀즈캔디,₩700,162Kcal,34mg,25g,2.9g,0.0g,0.0g,2.8g,0mg,0.0g,
179,디저트,코코)단짝캔디46g,"₩1,500",174Kcal,0mg,43g,43.0g,0.0g,0.0g,0.0g,0mg,0.0g,
180,디저트,마즈)이클립스피치캔디,"₩3,000",80Kcal,0mg,33g,0.0g,0.5g,0.0g,0.5g,0mg,0.0g,
181,과자,오리온)왕고래밥스낵,"₩1,200",247Kcal,390mg,42g,6.0g,7.0g,0.0g,3.6g,0mg,4.0g,
182,과자,CU)HEYROO작은별초코스낵N,"₩1,700",475Kcal,50mg,56g,26.0g,25.0g,0.0g,21.0g,0mg,6.0g,
183,과자,CU)HEYROO소프트계란과자N,"₩2,000",750Kcal,320mg,100g,43.0g,35.0g,0.0g,15.0g,70mg,9.0g,
184,과자,롯데)도리토스나쵸치즈,"₩1,700",145Kcal,180mg,16g,1.4g,7.4g,0.0g,2.3g,0mg,2.2g,
185,과자,농심)새우깡90g,"₩1,400",465Kcal,610mg,54g,5.0g,25.0g,0.5g,8.0g,5mg,6.0g,
186,과자,농심)쫄병매콤한맛,"₩1,200",430Kcal,460mg,49g,8.0g,24.0g,0.0g,12.0g,0mg,5.0g,
187,과자,크라운)콘칩,"₩1,500",377Kcal,370mg,44g,2.0g,21.0g,0.0g,8.0g,5mg,3.0g,
188,과자,농심)양파링80g,"₩1,700",375Kcal,550mg,58g,5.0g,4.9g,0.0g,6.0g,0mg,2.8g,
189,과자,오리온)포카칩오리지널66g,"₩1,700",350Kcal,250mg,34g,1.0g,25.0g,0.0g,10.0g,0mg,4.0g,
190,과자,크라운)카라멜콘땅콩56g,"₩1,500",370Kcal,110mg,48g,20.0g,18.0g,0.0g,6.0g,0mg,4.0g,
191,과자,해태)맛동산90g,"₩2,000",450Kcal,50mg,57g,21.0g,20.0g,0.0g,4.6g,0mg,8.0g,
192,과자,큐피트)옥수수브이콘50g,"₩1,000",240Kcal,188mg,36g,5.3g,9.6g,0.0g,2.4g,0mg,2.9g,
193,과자,해태)자가비짭짤한맛,"₩2,000",270Kcal,90mg,22g,0.0g,19.0g,0.0g,6.0g,0mg,3.0g,
194,과자,크라운)죠리퐁,"₩1,500",330Kcal,120mg,57g,23.0g,10.0g,0.0g,4.4g,0mg,6.0g,
195,과자,오리온)태양의맛썬80g,"₩1,700",416Kcal,340mg,51g,6.0g,20.0g,0.0g,9.0g,0mg,6.0g,
196,과자,제이)프레첼카라멜팝콘,"₩1,500",395Kcal,415mg,65g,35.0g,13.0g,0.5g,8.0g,24mg,4.0g,
197,과자,해태)허니버터칩60g,"₩1,700",335Kcal,250mg,30g,3.0g,22.0g,0.0g,7.0g,0mg,4.0g,
198,과자,크라운)콘초,"₩1,500",351Kcal,55mg,41g,17.0g,19.0g,0.0g,13.0g,5mg,4.0g,
199,과자,농심)바나나킥75g,"₩1,700",320Kcal,100mg,66g,37.0g,4.6g,0.0g,1.8g,0mg,3.2g,
200,과자,큐피트)밭두렁45g,₩700,181Kcal,168mg,40g,4.0g,1.5g,0.0g,0.5g,0mg,3.0g,